Sequence	Base Sequence	Protein Groups	Gene Names	Organism	Intensity_F0S0_6ug_HCT116_R1	Detection Type_F0S0_6ug_HCT116_R1	
AEEYTEETEEREESTTGFDK	AEEYTEETEEREESTTGFDK	Q9Y2W1	THRAP3	Homo sapiens	3096084.421875	MSMS
AEHIPAGK	AEHIPAGK	Q96HC4	PDLIM5	Homo sapiens	2230775.046875	MSMS
AGLYGLPR	AGLYGLPR	P49327	FASN	Homo sapiens	10562012.25	MSMS
ALDTMNFDVIK	ALDTMNFDVIK	P11940	PABPC1	Homo sapiens	11555990.28125	MSMS
AQVADVVVSR	AQVADVVVSR	P49327	FASN	Homo sapiens	4460781.53125	MSMS
ASAAPKPEPVPVQK	ASAAPKPEPVPVQK	Q96HC4	PDLIM5	Homo sapiens	3141361.9375	MSMS
ASAVSELSPR	ASAVSELSPR	Q9Y2W1	THRAP3	Homo sapiens	3020539.546875	MSMS
AVTEMNGR	AVTEMNGR	P11940	PABPC1	Homo sapiens	4251288.001116922	MSMS
DGAWGAFR	DGAWGAFR	P49327	FASN	Homo sapiens	819635.5546875	MSMS
DGEDQTQDTELVETR	DGEDQTQDTELVETR	P01889	HLA-B	Homo sapiens	2042516.7349856158	MSMS
DGEDQTQDTELVETRPAGDR	DGEDQTQDTELVETRPAGDR	P01889	HLA-B	Homo sapiens	2349435.125	MSMS
DGVVRPLK	DGVVRPLK	P49327	FASN	Homo sapiens	2794587.5	MSMS
DPSQQELPR	DPSQQELPR	P49327	FASN	Homo sapiens	6771794.125	MSMS
DSRPSQAAGDNQGDEA[1 nucleotide substitution:A->V on A]K	DSRPSQAAGDNQGDEAK	Q9Y2W1	THRAP3	Homo sapiens	2042125.015625	MSMS
DTSFEQHVLWHTGGK	DTSFEQHVLWHTGGK	P49327	FASN	Homo sapiens	5658598.291666667	MSMS
DYIALNEDLR	DYIALNEDLR	P01889	HLA-B	Homo sapiens	2230566.96875	MSMS
EAAEQDVEK	EAAEQDVEK	P26373	RPL13	Homo sapiens	50569758	MSMS
EDGLAQQQTQLNLR	EDGLAQQQTQLNLR	P49327	FASN	Homo sapiens	12420033.75	MSMS
EEEWDPEYTPK	EEEWDPEYTPK	Q9Y2W1	THRAP3	Homo sapiens	3488392.375	MSMS
EFSPFGTITSAK	EFSPFGTITSAK	P11940	PABPC1	Homo sapiens	14662381.75	MSMS
EGGFLLLHTLLR	EGGFLLLHTLLR	P49327	FASN	Homo sapiens	2026521.5429420208	MSMS
EQTFSGGTSQDTK	EQTFSGGTSQDTK	Q9Y2W1	THRAP3	Homo sapiens	4726797.5	MSMS
ESEFDDEPK	ESEFDDEPK	Q9Y2W1	THRAP3	Homo sapiens	1832299.0625	MSMS
EVVKPVPITSPAVSK	EVVKPVPITSPAVSK	Q96HC4	PDLIM5	Homo sapiens	1791653.9797876747	MSMS
FDASFFGVHPK	FDASFFGVHPK	P49327	FASN	Homo sapiens	11364504.25	MSMS
FGPALSVK	FGPALSVK	P11940	PABPC1	Homo sapiens	7836629.5	MSMS
FISVGYVDDTQFVR	FISVGYVDDTQFVR	P01889	HLA-B	Homo sapiens	1493470.7909966696	MSMS
FPQLDSTSFANSR	FPQLDSTSFANSR	P49327	FASN	Homo sapiens	5850011	MSMS
FSPAGPILSIR	FSPAGPILSIR	P11940	PABPC1	Homo sapiens	9976416.125	MSMS
GFGFVSFER	GFGFVSFER	P11940	PABPC1	Homo sapiens	6379735.125	MSMS
GFSLEELR	GFSLEELR	P26373	RPL13	Homo sapiens	29722935.25	MSMS
GGAESHTFK	GGAESHTFK	P50238	CRIP1	Homo sapiens	6923071.5625	MSMS
GGPEVQQVPAGER	GGPEVQQVPAGER	P49327	FASN	Homo sapiens	1914483.25	MSMS
GILADEDSSRPVWLK	GILADEDSSRPVWLK	P49327	FASN	Homo sapiens	9002006.1875	MSMS
GLVQALQTK	GLVQALQTK	P49327	FASN	Homo sapiens	7836274.9375	MSMS
GMGLSLMR	GMGLSLMR	P49327	FASN	Homo sapiens	3840764.22309726	MSMS
GNAGQSNYGFANSAMER	GNAGQSNYGFANSAMER	P49327	FASN	Homo sapiens	5461325.27979509	MSMS
GPFLVALGK	GPFLVALGK	Q96HC4	PDLIM5	Homo sapiens	1731325.5155234465	MSMS
GTPLISPLIK	GTPLISPLIK	P49327	FASN	Homo sapiens	8559522.8125	MSMS
GYAVLGGER	GYAVLGGER	P49327	FASN	Homo sapiens	7148279.125	MSMS
GYGFVHFETQEAAER	GYGFVHFETQEAAER	P11940	PABPC1	Homo sapiens	2617883.5	MSMS
HGLYLPTR	HGLYLPTR	P49327	FASN	Homo sapiens	13425722.4375	MSMS
IGDVVLSIDGINAQGMTHLEAQNK	IGDVVLSIDGINAQGMTHLEAQNK	Q96HC4	PDLIM5	Homo sapiens	933589.5605739678	MSMS
ILAQITGTEHLK	ILAQITGTEHLK	Q96HC4	PDLIM5	Homo sapiens	1612749.6920822128	MSMS
KEREA[1 nucleotide substitution:A->T on A]ELGA[1 nucleotide substitution:A->T on A]R	KEREAELGAR	P11940	PABPC1	Homo sapiens	2922030.96875	MSMS
KGDSSAEELK	KGDSSAEELK	P26373	RPL13	Homo sapiens	39922569.5	MSMS
LATQLTGPVMPVR	LATQLTGPVMPVR	P26373	RPL13	Homo sapiens	61798278.75	MSMS
LFNSLLLGPTASNNK	LFNSLLLGPTASNNK	Q7LBC6	KDM3B	Homo sapiens	976428.7897978635	MSMS
LHLSGIDANPNALFPPVEFPAPR	LHLSGIDANPNALFPPVEFPAPR	P49327	FASN	Homo sapiens	8368917.395833333	MSMS
LIEDTEDWRPR	LIEDTEDWRPR	Q96HC4	PDLIM5	Homo sapiens	3031561.59375	MSMS
LNSVQSSERPLFLVHPIEGSTTVFHSLASR	LNSVQSSERPLFLVHPIEGSTTVFHSLASR	P49327	FASN	Homo sapiens	2696257.650066455	MSMS
LQELSSK	LQELSSK	P49327	FASN	Homo sapiens	6533040.25	MSMS
LQVVDQPLPVR	LQVVDQPLPVR	P49327	FASN	Homo sapiens	17351803.125	MSMS
LRDDFEK	LRDDFEK	Q9Y2W1	THRAP3	Homo sapiens	4658231.625	MSMS
LSPDAIPGK	LSPDAIPGK	P49327	FASN	Homo sapiens	13367254.375	MSMS
MNGMLLNDR	MNGMLLNDR	P11940	PABPC1	Homo sapiens	4111413.129359646	MSMS
MVVPGLDGAQIPR	MVVPGLDGAQIPR	P49327	FASN	Homo sapiens	15657852.71875	MSMS
NFGEDMDDER	NFGEDMDDER	P11940	PABPC1	Homo sapiens	7845167.395740527	MSMS
NLDDGIDDER	NLDDGIDDER	P11940	PABPC1	Homo sapiens	6324373.375	MSMS
NREEEWDPEYTPK	NREEEWDPEYTPK	Q9Y2W1	THRAP3	Homo sapiens	2014945.859375	MSMS
NTQIYKA[1 nucleotide substitution:A->V on A]QA[1 nucleotide substitution:A->V on A]QTDRESLR	NTQIYKAQAQTDRESLR	P01889	HLA-B	Homo sapiens	3327517.241072184	MSMS
PASGPIRPIVR	PASGPIRPIVR	P26373	RPL13	Homo sapiens	53209934.666666664	MSMS
PSGLLAQER	PSGLLAQER	Q9Y2W1	THRAP3	Homo sapiens	4213374.1875	MSMS
PSQAAGDNQGDEA[1 nucleotide substitution:A->V on A]K	PSQAAGDNQGDEAK	Q9Y2W1	THRAP3	Homo sapiens	2531089.125	MSMS
PWPDATYGTGSASR	PWPDATYGTGSASR	Q9Y2W1	THRAP3	Homo sapiens	4266955.515625	MSMS
QEPLLIGSTK	QEPLLIGSTK	P49327	FASN	Homo sapiens	1218964.1875	MSMS
QSLVLPHSTK	QSLVLPHSTK	Q96T88	UHRF1	Homo sapiens	913437.8125	MSMS
RAYLQAR	RAYLQAR	P49327	FASN	Homo sapiens	4061657.59375	MSMS
RPTPQDSPIFLPVDDTSFR	RPTPQDSPIFLPVDDTSFR	P49327	FASN	Homo sapiens	6184047.666666667	MSMS
RQQEQQVPILEK	RQQEQQVPILEK	P49327	FASN	Homo sapiens	6360709.4660108555	MSMS
RVATWFNQPAR	RVATWFNQPAR	P26373	RPL13	Homo sapiens	2217492.40625	MSMS
RYLEEQK	RYLEEQK	Q9Y2W1	THRAP3	Homo sapiens	5206323.3125	MSMS
SDSFAPK	SDSFAPK	Q9Y2W1	THRAP3	Homo sapiens	2246980.28125	MSMS
SEGVVAVLLTK	SEGVVAVLLTK	P49327	FASN	Homo sapiens	5761825.90625	MSMS
SGVGNIFIK	SGVGNIFIK	P11940	PABPC1	Homo sapiens	7841531.21875	MSMS
SIFQHIQSAQSQR	SIFQHIQSAQSQR	Q9Y2W1	THRAP3	Homo sapiens	8738085.311624313	MSMS
SLLVNPEGPTLMR	SLLVNPEGPTLMR	P49327	FASN	Homo sapiens	13623678.484375	MSMS
SLYQSAGVAPESFEYIEAHGTGTK	SLYQSAGVAPESFEYIEAHGTGTK	P49327	FASN	Homo sapiens	16970301.666666668	MSMS
SNMGHPEPASGLAALAK	SNMGHPEPASGLAALAK	P49327	FASN	Homo sapiens	4403863.4375	MSMS
SPLQSVVVR	SPLQSVVVR	Q9Y2W1	THRAP3	Homo sapiens	3495103.5625	MSMS
SPSWQRPNQGVPSTGR	SPSWQRPNQGVPSTGR	Q96HC4	PDLIM5	Homo sapiens	1283750.2212914356	MSMS
STESLQA[1 nucleotide substitution:A->T on A]NVQR	STESLQANVQR	P26373	RPL13	Homo sapiens	17886968.875	MSMS
STESLQANVQR	STESLQANVQR	P26373	RPL13	Homo sapiens	18814162.625	MSMS
SWTAADTAAQITQR	SWTAADTAAQITQR	P01889	HLA-B	Homo sapiens	2149148.4453125	MSMS
TAVNVPR	TAVNVPR	Q96HC4	PDLIM5	Homo sapiens	2837287.6875	MSMS
TEELEEESFPER	TEELEEESFPER	Q9Y2W1	THRAP3	Homo sapiens	4616275.671875	MSMS
TGTVSLEVR	TGTVSLEVR	P49327	FASN	Homo sapiens	7833005.125	MSMS
THVTHHPISDHEATLR	THVTHHPISDHEATLR	P01889	HLA-B	Homo sapiens	1567553.8771367462	MSMS
TIGISVDPR	TIGISVDPR	P26373	RPL13	Homo sapiens	12815122.9375	MSMS
TLTSGGHAEHEGK	TLTSGGHAEHEGK	P50238	CRIP1	Homo sapiens	28560666.666666668	MSMS
TPEAVQK	TPEAVQK	P49327	FASN	Homo sapiens	14554959.553704929	MSMS
VANTSTQTMGPRPA[1 nucleotide substitution:A->V on A]AAAAAATPAVR	VANTSTQTMGPRPAAAAAAATPAVR	P11940	PABPC1	Homo sapiens	25574887.375	MSMS
VATWFNQPAR	VATWFNQPAR	P26373	RPL13	Homo sapiens	28404167	MSMS
VDEAVAVLQAHQAK	VDEAVAVLQAHQAK	P11940	PABPC1	Homo sapiens	8247526.208333333	MSMS
VFTTVGSAEK	VFTTVGSAEK	P49327	FASN	Homo sapiens	5235483.71875	MSMS
VGDPQELNGITR	VGDPQELNGITR	P49327	FASN	Homo sapiens	3131592.25	MSMS
VITEEEK	VITEEEK	P26373	RPL13	Homo sapiens	44852340	MSMS
VLEALLPLK	VLEALLPLK	P49327	FASN	Homo sapiens	7864284.4375	MSMS
VLQGDLVMNVYR	VLQGDLVMNVYR	P49327	FASN	Homo sapiens	4809950.828125	MSMS
VMGLVPAK	VMGLVPAK	P49327	FASN	Homo sapiens	5882613.262447372	MSMS
VMMEGGR	VMMEGGR	P11940	PABPC1	Homo sapiens	4983907.61076681	MSMS
VMTDESGK	VMTDESGK	P11940	PABPC1	Homo sapiens	6797613.7931047585	MSMS
VPAESMPTLTPAFPR	VPAESMPTLTPAFPR	Q7LBC6	KDM3B	Homo sapiens	1022004.953125	MSMS
VSVHVIEGDHR	VSVHVIEGDHR	P49327	FASN	Homo sapiens	5425040.952034603	MSMS
VTAIHIDPATHR	VTAIHIDPATHR	P49327	FASN	Homo sapiens	6031045.291666667	MSMS
VTQQGLK	VTQQGLK	P49327	FASN	Homo sapiens	11171165.249619246	MSMS
VTVAGGVHISGLHTESAPR	VTVAGGVHISGLHTESAPR	P49327	FASN	Homo sapiens	452652.08194880927	MSMS
VVEVLAGHGHLYSR	VVEVLAGHGHLYSR	P49327	FASN	Homo sapiens	6922441.916666667	MSMS
VVVQVLAEEPEAVLK	VVVQVLAEEPEAVLK	P49327	FASN	Homo sapiens	12855764.75	MSMS
VYATILNAGTNTDGFK	VYATILNAGTNTDGFK	P49327	FASN	Homo sapiens	9789624.25	MSMS
WAAVVVPSGEEQR	WAAVVVPSGEEQR	P01889	HLA-B	Homo sapiens	11228596.765625	MSMS
WEGLVYAPPGK	WEGLVYAPPGK	Q9Y2W1	THRAP3	Homo sapiens	2850906.953125	MSMS
WLSTSIPEAQWHSSLAR	WLSTSIPEAQWHSSLAR	P49327	FASN	Homo sapiens	3026043.6666666665	MSMS
WTSQDSLLGMEFSGR	WTSQDSLLGMEFSGR	P49327	FASN	Homo sapiens	5417720.671875	MSMS
YHGNVMLLR	YHGNVMLLR	P49327	FASN	Homo sapiens	3871321.109375	MSMS
YQGVNLYVK	YQGVNLYVK	P11940	PABPC1	Homo sapiens	5862041.28125	MSMS
YTEFYHVPTHSDASK	YTEFYHVPTHSDASK	Q96HC4	PDLIM5	Homo sapiens	3505376.0416666665	MSMS
